"File";"Hash";"Algorithm"
"\Installers\01c28e2afff11c906894fd0d3e54ea0c.cab";"CF822A7830C10B837DC20F1C930ADAED09B11002E124790B11FDE815CA1993F6";"SHA256"
"\Installers\01edf4d7f252a4b769447470b9829c01.cab";"B7BF70E5F7DB9D03AB6256F8575966853832CBF80C4BDD885EBC57BA0F8F791B";"SHA256"
"\Installers\01fca1465219b13ba419f35fef19e47a.cab";"FECE06D18E02B32733FD7F6C90BD705B72A5C69AAEF55219A806CCFA962C930C";"SHA256"
"\Installers\02a156ff2a70e93ae2fcafa25d77c1f7.cab";"E3DCD48B367423FB1987C077540F2730BBD56607D79F62F8627AB311051344B9";"SHA256"
"\Installers\02d4c8ffdaa6632c8f1bad53fa8843b2.cab";"E0EF1AE70EDB20D296D61DDDE9C61D4A25A6544DBC1F8B254956FA956D4B873E";"SHA256"
"\Installers\0a3a39d2f8a258e1dea4e76da0ec31b8.cab";"E5B71E1841612B3F391C597204C393A3B87D67597A6386104A8EF8C5992B32C2";"SHA256"
"\Installers\0ab24be4ae66cd2d38e5495684e0a5a1.cab";"B542836AE8212280675D8B7D74D2C80ECBE135496822309AD914DB9204797936";"SHA256"
"\Installers\0c48c56ca00155f992c30167beb8f23d.cab";"75B2B0AB31C6403BFCFBC76DDA98EC3212EEA051387AFD371DEC575CA501CC6F";"SHA256"
"\Installers\0d981f062236baed075df3f42b1747db.cab";"7BD912A7079D14C74C4B9810AA2458D48E5269435FAB24CF78F24F13B0A56629";"SHA256"
"\Installers\0e01877d7cebd7fc6730e1aae0091728.cab";"2BF0325F7F344816DFB703CD25C580013020B763DAA53B8CAB1107739E3BC375";"SHA256"
"\Installers\0e9cc2f81c324a23b9097fe77c48ba7d.cab";"B34BFA2863FA02DF097F29363B6DEDF97B781842994C3946D7D83540F2CA9964";"SHA256"
"\Installers\0f1c8d6eb8e918847a7b1cfbda99b3e5.cab";"969D178BCEABAB06AEDD5331F01F3D0AD3B9EAA1AAB49B553A29ED9E88AD1095";"SHA256"
"\Installers\10892e7d30d8df29192b7063f0867a97.cab";"AACC48A633DC4909F56929DF16D139882E53BED6292E69AC9017F75245131208";"SHA256"
"\Installers\138162d1f2774ceee5b9e192c96a3814.cab";"AE219C413503785B2B6239541863583DB8C19D0E2182B599DC0550FB80DDCEC1";"SHA256"
"\Installers\1439dbcbd472f531c37a149237b300fc.cab";"9B420799F1E22059EE5A241295BE3F55AF7C063AF3F72EB386E9B8079EE22394";"SHA256"
"\Installers\14e8947966d288df0e3be47b88005ecd.cab";"F79664BB12E048B311752372DB7EE97CDC327C17FE584DAAFFC6EEA751B72FC5";"SHA256"
"\Installers\14f4df8a2a7fc82a4f415cf6a341415d.cab";"4CE55A2FB8234B01F41E61356AD618A122D116538BAE781DE6EAE2BAB21198CB";"SHA256"
"\Installers\154d4e953fccda55774e27ffbe8710a8.cab";"D542FC3A9E444A492952BF04F8B940A4AE9104A63127E19EFB0522883AE9806D";"SHA256"
"\Installers\1642184141c8340d5570641ba426a1e9.cab";"A7FDBA6AB330C4E10BB62788B7687659FE6E7F2F5C0C9E6F0C3601250143BC52";"SHA256"
"\Installers\186c4aa0cae637da0996e87ababf5b71.cab";"FF6DD65CDE69492A8333C5E2EDCFB48E2FE4828FE8CE6EC82121A6835778E03D";"SHA256"
"\Installers\18d637f31dd17f0b1e8ebd6b0abed487.cab";"FB15FE1E44323B7F4620DEC6B015BC30DE59446742A4A5FAFDA35A3B89D8CFB2";"SHA256"
"\Installers\194f8ff6609315c815042887c06aa3f8.cab";"9FADBB6F101B0D0DD0A10348A4784DB80115A384EBD1A3F27680167042412AD4";"SHA256"
"\Installers\1ac6852d8cf69114a2f7c4872d489325.cab";"1BCA500980C8A903E5E7340241866EB4CBCFF2F75260368DD448AC4E0605996C";"SHA256"
"\Installers\1bd4f044e271b42b110fe533720c10e9.cab";"32B34E588C4E4C1730A3FE593D01C2E6F8A9C819F24A8350EFDF1216B2A9B425";"SHA256"
"\Installers\1ca74677209b9dcc92ebe5bbc0f3917b.cab";"94F81DD32A08C48A1EB260DFFC36E17622AE18D0A2521516E45F399B37F17B05";"SHA256"
"\Installers\1f90b0f7321fab8dcdedaba3b30415f3.cab";"A689422088E2AF0AD8C014F96F52138DFE7F9657900FAAFCD5A58EC7C246B1C6";"SHA256"
"\Installers\205139c72082841bb52dfe6e300d4396.cab";"728B3BD5A424A9BAE3B2AE0E570B6031D32ABD8FF29E2EC50C3443CF51F8D445";"SHA256"
"\Installers\21adfb7fc4620dc041e09823a2ea9716.cab";"964AE6D6A6C9C22930A86C651D95975F6681A7204A7BAB7EB09D9FB0A0C5D820";"SHA256"
"\Installers\22771e4e2e99ac25113cafc18a3666e5.cab";"7300EAAB9E78E0FB5F75A30402BF4CF49F1027C351B35CF1B96F8496ED545342";"SHA256"
"\Installers\22e0cfb1ed87bead097f5f1ebc85fa5e.cab";"867EF70305301D54A27E84836CCC19EE2F311877229BC9F99C6010A6B1F3E100";"SHA256"
"\Installers\23ca402f61cda3f672b3081da79dab63.cab";"0FDCB15685B9C5EEF9934934888957CDAE72F62E14660766ED1BFA66EB007025";"SHA256"
"\Installers\24b9e5f1f97c2f05aa95ee1f671fd3cc.cab";"CFE887F8428E8F40C4948D84A26B52FA54597EBEEEFCD8F18C6290C340DDED17";"SHA256"
"\Installers\2517aec0259281507bfb693d7d136f30.cab";"F095B5C666204B08A3D806521F4C5A60B48A9C3AE7CCF34FEBE81E58888E555E";"SHA256"
"\Installers\25680084b1f4fc98d88475554cf93f08.cab";"EE2E63FAF40DAE52DE877DE2C8B00A6F14EFA4463B81E235E63593A2D29004B6";"SHA256"
"\Installers\25e789fdd73b4e3120cd4a7ca2fc9292.cab";"8744D955034FFBDAF2087946424B2D84FF7F9C0E86A9BD6B7088C653E2599722";"SHA256"
"\Installers\268b1a41f6bd2906449944b964bf7393.cab";"8F9C5737C91A8DD3FDA56AE34044BB2932F273F447D8F2DF0FEC3296CB05D01F";"SHA256"
"\Installers\27c0562eb1efb3ad282cf987ae40e873.cab";"8CBFFF900127BFEFD8DE464A922CA0AB1122EC3E96EF2F4F8DA0F768492A676B";"SHA256"
"\Installers\2a6f402a7ff0a4ceccca0a660252167c.cab";"331F5F5179F32F371B24DFCC1070B42BB262ED4FAB7A2F0A81EF170C122F528A";"SHA256"
"\Installers\2be308a6ad881626820550006ac7e3f6.cab";"306AF02C1C353E341C3706F81ACE3E26E9E99ECEF5196DE65CEFA0549CF00F5D";"SHA256"
"\Installers\2d129ca39eee60f56d59a7fcbac70540.cab";"D1C3679EC3921257609938A621824C1626F6E85DFB135DAD92A8A9CE245BBA81";"SHA256"
"\Installers\2e134b026e871c5e8e547b6711578fb3.cab";"B41AE6EB646F7EDE8C73DD4B9C87CB784285C97B29C80F4D2ACC11CE39437E01";"SHA256"
"\Installers\2e82f679c8709f838e7c839f7864ac84.cab";"91B6A9672394B760D567AF6B202C5603D8BE25F22777C63A8879DA34AAE075E6";"SHA256"
"\Installers\2e841ee6ad808e471f2e298e2679e6fe.cab";"631D33A00B84A0710BF86B503F58198254D9364C9A5836C9B9AD9F0834BA01D8";"SHA256"
"\Installers\3048e0938ba336678a30618abb5ac970.cab";"ADDA6E7CCD215E78553EE8EBBBDA31B55C9F55D5576E4BCB596A9B165A23CBF2";"SHA256"
"\Installers\33e8428d37f411557fa877aeac07b54a.cab";"DF5DF1FE064C643B44AF133CDA704EAD09C424776ACCB3FD70E2403D8702A4A4";"SHA256"
"\Installers\34d7210a1cf17d6ab6dd8fd5b1e3066b.cab";"C5F04F6D539DA1E29A4C5E6946DE7F4B328137FD440BAED813844675D535E6A7";"SHA256"
"\Installers\3585b51691616d290315769bec85eb6f.cab";"E090B532475D338FE921CEC365804371FBF2F3DCD243042D4D23B6B51CF15EF8";"SHA256"
"\Installers\36084f1b92cbfdad07d1fde61975509d.cab";"DEF6DBDA7D7C28B84E8E0EE2FD60A785AE5DE8BF0FC394FC0614BF50652942C3";"SHA256"
"\Installers\3611bd81544efa3deb061718f15aee0c.cab";"7F4D2E25F94D2606688D6E8C9F9ECDC11221D5A205B523CEA300A325CCB7FA04";"SHA256"
"\Installers\3615ccac603c2581ac34f5cf1fbb74e4.cab";"7E9DDEF2F337C9E27BFDAD786536C6BE629695282D426B64C214CBEC716E6192";"SHA256"
"\Installers\3631fbcbd3bdce94e2495d17333808e1.cab";"DBF9BF7D00B1F9B02096095D5C034D73A3F85EADCD5258ECDFBF8B7BC2281D3B";"SHA256"
"\Installers\36e3c2de16bbebad20daec133c22acb1.cab";"529C7C346961B0BC2E05FCB4513F5F03F4B8AC0A117352E20CBBBA83D8F43622";"SHA256"
"\Installers\384cef345dd89a98f0fa6a6c7b6b3d3c.cab";"FE5973522B030F99207CC6CCDF23476D54CA8CF0861DE6A8B907ED01BD5F9835";"SHA256"
"\Installers\388dee738d7d1c99d6fe776a85ee32f8.cab";"AE295A878154DF0EC87EBB64356287D959E824D750D15A4A21E0134A9DB8BEB0";"SHA256"
"\Installers\38d93b8047d5efb04cf01ab7ec66d090.cab";"0786ED71039F8D63B7F3B06145CD1C55CF24B02665247F558BD77E9D5E77701E";"SHA256"
"\Installers\3b71855dfae6a44ab353293c119908b8.cab";"C93E5D8893FC4B203D94F687BA9F3EA3C2B02DA27D229D93B203BF97ECBC5FED";"SHA256"
"\Installers\3c40aa9c4f6ccd875398dcb36e6248da.cab";"676CB1F1B116DC6C46CB4CE4AFAB99ECE6D9C12C95446492B6CC73C6A381CBED";"SHA256"
"\Installers\3cb3df171c667e615400eba20d3db073.cab";"5CAFE641282768811006B0B2F84C2301DDD8097D97163A17A84A42A536EAD425";"SHA256"
"\Installers\3e3790b981292706dc3526513cb48323.cab";"4A8E31A9ADEA0C34171339552BD44A1C70B02476BDC5E904739126B9E40C14F0";"SHA256"
"\Installers\3e602662e913edefa58e52e04e900bf8.cab";"40FDFF5873BE3BAB75EE1B9438823E88D3455E35969E996260A4FB180BA918A1";"SHA256"
"\Installers\3f3a3cff8652b3a9d93409b37e497b42.cab";"1481A26CF39D1D77DA37D9D3130F0C37DC996A2EBEF6009E7406CB3BC41A2001";"SHA256"
"\Installers\413a073d16688e177d7536cd2a64eb43.cab";"3FA050A10FF2EB274607E7C921D0AEDF1430E9EAFAB933AA21B2C603D5A9A306";"SHA256"
"\Installers\41705e0021a78ddb68750186cb8588f0.cab";"A08B7827AF1165379C6AA30849E22E200DDEC86CDDFA8F5B17468DFBCA79F5AC";"SHA256"
"\Installers\436a430b58eb0fa6110e8dfb8f07ef56.cab";"37B3890127368F0DFB66B5C699D591E31509156B326F1481B7D8F11C1A514C22";"SHA256"
"\Installers\44b84b5b8da74088361296fd441e3bd4.cab";"84269B9D36ED70E849E4EB35EFC1431DB4A38955FA934097ECB67587161BED64";"SHA256"
"\Installers\473eb000fd92e570d009b4028ae116eb.cab";"14F8D02009EE3B4DEE3092F7E940FAA75C0B1255AB3E2E891C617CA5AA7B9254";"SHA256"
"\Installers\479a99aca2c1b0febb7b827e88ee4785.cab";"450927F0EDC70298BA0DD61DA595F57C23DA183DEBB0BAE79C6558FFBEB6DA04";"SHA256"
"\Installers\47a5de534a472f7c2b34129a4f237bae.cab";"5EDEDC806C2B9A94CCA1844A3A6216583293B115D13CE3091EFEE5CFBE7B5907";"SHA256"
"\Installers\4cf60441c7095e39c7a211cc291e7853.cab";"FACF821D299CADB01551D72CA8530C34D502604095AE9CBF62298BD72F427EAC";"SHA256"
"\Installers\4d2878f43060bacefdd6379f2dae89b0.cab";"7AB73158072311B4246181B56FC199E81E9E86372B0A01D78BCF481C2D6CDF44";"SHA256"
"\Installers\4defb086385752d8cd0d1432900fb4ca.cab";"FF986C3C1A6055B9B7566B6D9BBDB6FA2556FAD5023A8C862CC7EB4A7EFF67C5";"SHA256"
"\Installers\4e56c6c11e546d4265da4e9ff7686b67.cab";"6FFECE8571A311CF2614D0D5761A891FD199C1D32038BC4770A51EE5940F6032";"SHA256"
"\Installers\4f1f782affae673d2c9ccef187839f64.cab";"444C0F51A469BBB249CC386CD968AF979D358322464A7209CC20AA9C4E750A8C";"SHA256"
"\Installers\500ae334fea5d8d9c93a16515d993cd5.cab";"4C204F81C3F5184C7EA9AD627F23DE7AE0E968EEB2DD29ABB156AB0AC077FC7B";"SHA256"
"\Installers\500e0afd7cc09e1e1d6daca01bc67430.cab";"12ABDE54C46787D7FC0EE093D4CDCB9EC63E37917B6D522CA677C7843AB7A091";"SHA256"
"\Installers\511754b813e05f3d5aec2ea5ce2b84e2.cab";"81A1A8870A7C381C5DD02A336DCC1118E7074AC3E4960255C8E8E50A378FA2C2";"SHA256"
"\Installers\518501e132e499be0132182ce1fa46d1.cab";"A3CD280A3E12AB184224110C2CD76993B0B7056C55226C4054C64D15CAF19269";"SHA256"
"\Installers\526113b3700d558cc0dd65fb3690ab33.cab";"AD20C26EFC4C0CD4DD4258FED6D639DA03F8F5127FF73629E42BCFD7DB319213";"SHA256"
"\Installers\5294062b05a5b02e187a61e5979dfcc7.cab";"0741A74F0BCFE5762E60AF85DBEAAADC2FCEDF7ED6FE27D48815CEDA2BD292CB";"SHA256"
"\Installers\52be7e8e9164388a9e6c24d01f6f1625.cab";"07B7CC5ED5BE59A7AC742A22795E9F24C512B9F63A6C426A9321271191044E0E";"SHA256"
"\Installers\5697e2c360736d39a808522581166a77.cab";"607D58922A88DF3F4BF19256F72E9935BEBED0603342613564ABAB2CED28E97B";"SHA256"
"\Installers\56dd07dea070851064af5d29cadfac56.cab";"A9B670AB5A1FECBF3DDA11CFE83979B19AE4A851F3A2F85DE3118DB6BBB57072";"SHA256"
"\Installers\56e5d88e2c299be31ce4fc4a604cede4.cab";"1858697945A6AC7F5E638280388890F3C0407B064135162335C0F6352FB972CD";"SHA256"
"\Installers\5718b3a1537d248131a2521846a718b2.cab";"82230CD288F07816164638959203C4EC80C72C57DB0862858E6BFC09E75586A2";"SHA256"
"\Installers\5a737ef891d34c14fcb01ab846d0d932.cab";"BF4C3176F9C7FE469716A807944454E1ACB0BC1165186CC738F3FB18E6F77C51";"SHA256"
"\Installers\5ac1863798809c64e85c2535a27a3da6.cab";"FA017EA834529655C838AB3E91D1DDAD4EF48E00C44C2F7023435A2DF5431222";"SHA256"
"\Installers\5c021c21180094f073528925393bb7f8.cab";"6F7223D9D28019766FA66E3F5D89B415951F7ACBEF29E74572CFA9E49E61B4B5";"SHA256"
"\Installers\5d984200acbde182fd99cbfbe9bad133.cab";"8163A504A61154A2329F5FCB498839D2A4A8A32E007FE4A31ADD4CABF31D82C0";"SHA256"
"\Installers\5eea85046f0c2112e2fcd0bac2c2cfc8.cab";"485020CCEFEB5E7FB00D4FF34220EAD63BC868AAE50A62B0D7F2DCCC351B1E4E";"SHA256"
"\Installers\5f502819c0b356ae6ffca93bd200f10d.cab";"4DF839A733CFB3FD48DF9442D6E82F6CD40BF53BECA99D0BEC9EBF69E55FE4E4";"SHA256"
"\Installers\625aa8d1c0d2b6e8cf41c50b53868ecd.cab";"74D3C85D58C95FB4CB7EEA3B620C6AC91FAA825D353664BA472EE6BE90DF912D";"SHA256"
"\Installers\62d5cdeca4a33f724898b7fd1c7e828d.cab";"56D6B7D80D4067D45CE5A88D7CA1658AE6C236BAEEE22CB7EEC422BDD260E75C";"SHA256"
"\Installers\62e0546124d6356af1cd73f6a39f1a97.cab";"150B9A0B5EAC2C2D8AD97319518F7813479EAD1B8E1D6F7C04A8D4617B562A23";"SHA256"
"\Installers\630e2d20d5f2abcc3403b1d7783db037.cab";"0E65D91F39F1EE228D91CEE7C2F07B5FD406B6EEB74B5DE78619A4A088F9278A";"SHA256"
"\Installers\6361319e47039c0d5fc9b61c444f75d1.cab";"0AEA54F5744B38B2C20A6A90DF18C56A52819BB8D7BBE4EBFF25D5D534196D83";"SHA256"
"\Installers\6493517a6964895b920bd7842a30f129.cab";"47E5B3354F693842E770E802C6FD77A093FF5FA5542F5CEB5EDE3565A42C9D2B";"SHA256"
"\Installers\662ea66cc7061f8b841891eae8e3a67c.cab";"73278B09DC0B2B8BC69B0E9A7DFD5EFEFA25DDDF22E5963E678337212C09381F";"SHA256"
"\Installers\68664e4371f0efe43903b61e003a1ca1.cab";"07C5CF6C4F42215DEB50C3186B34503D34B4D2BCF4B799C8740B53916D77643D";"SHA256"
"\Installers\68c79fbd9a119d7870fb398e0cd1b90c.cab";"F58FB872FDAE4E2D36B080BA9683CC7FE029A80E0E860F98E215C8FF5DF5F5D9";"SHA256"
"\Installers\68dfe35cd89ccc6c4d08f1fe66e0961b.cab";"51579A8C261EE4AABD9B97A601B70D17FC30FBE4767CA03978F519AA2462FBBB";"SHA256"
"\Installers\68f184e89129d21f7c7499cd7be36a84.cab";"A07E58B167BFCD3A01B8424AFD7E3C3A30B42728AC93DDFAE977FC593EB8B872";"SHA256"
"\Installers\6987a70e990dd5533eead917363935f6.cab";"5B23078263B6CF400F97BFF178A5C2ED996318D465DBEB21EB92D0FB4D78BDF0";"SHA256"
"\Installers\69f8595b00cf4081c2ecc89420610cbd.cab";"AC584324D8C4761ED81E58F4C7C9718EE329CC8EF54B44F575A5953DCD2575C1";"SHA256"
"\Installers\6a68bedadf2564eeef76c19379aae5ef.cab";"B651077525AC99181790A37D528F51C29460D3C31421C53B9CEDF3B52779CB5B";"SHA256"
"\Installers\6a9dbde126c4c3c7987fc9746fd1271e.cab";"AE4A27FDB24C65274B3BFEA4E289C7C45CDEC9260EAF4AA1EDC7E99419A1AB7E";"SHA256"
"\Installers\6bdcd388323175da70d836a25654aa92.cab";"A1012BC6182EFE554FC8860D7BAD2CFDF323E8347A7A4CC185950D7F5626D2DA";"SHA256"
"\Installers\6cc7aebd21947dbd8ea4884662780188.cab";"F7EA0DA9506E374C8CA0891209862A47AD2053C1F45847E800051ED6F86FD5AA";"SHA256"
"\Installers\6da2af86cb1227e66cf9bc85f2786782.cab";"2CF6EAFBFF51259667EB186AC4A06F777A3C89082ECA9C10B00AB3287792B6D6";"SHA256"
"\Installers\6dc62760f8235e462db8f91f6eaa1d90.cab";"ABFA5E5BBD3C37E906D7831859FE6ADA218D87340320E4C4D050D7D09B13B67B";"SHA256"
"\Installers\6e142759ce3a6e36e52e089caffaffe1.cab";"F90C0ECC436FD0C25928923299487EE148B6575F16177B9A8E0CA9D4807EC758";"SHA256"
"\Installers\7011bf2f8f7f2df2fdd2ed7c82053d7f.cab";"368D331FA7E7F1B1664DC155D8FC46545D03404E549C2705EE3703CB9C459031";"SHA256"
"\Installers\732eefaf52275b7a708311a31c82c814.cab";"C576D6670A4266EE01D7ECFF389838388C4D6EE1D12E32D77D8BB62B9F76E200";"SHA256"
"\Installers\7429f13a7c6e8d4cc491a64bd597c859.cab";"B85089EEDEA264EACC0FF91F9825329B32BD6415A5EC3537E9E4DE6EB577D1D1";"SHA256"
"\Installers\746fa7bfc590add6cadb928c985d1972.cab";"EA323BD8D7F7738C7ECEAB2C0F0D7AF1AD8E34A4BABAFE14540C873119F4071B";"SHA256"
"\Installers\7608a6c73562800dd82c513d6d2dcd94.cab";"4EFEEE70FBC13E571F7A55CF11872F63874892ABA2751332FB091CAF8D4110A6";"SHA256"
"\Installers\767acf9ebc7b9e4a87d264eb57bd7ea7.cab";"43C92E19203753D8B2398216C7F3E7F3AFBB225BB0A285CFCBDB1210B8DF18CC";"SHA256"
"\Installers\77adc85e5c49bbd36a91bb751dc55b39.cab";"03181B94E9FBD1325BD45B602A750630793646025DBBF2D0A00969766D1D76EF";"SHA256"
"\Installers\781e7c95c1b6b277057c9b53b7b5a044.cab";"86B2199E4ED58ED8C48E5633EC97E371ADC8C13FEB59C28E9A6B0E685A39E8E9";"SHA256"
"\Installers\79e66d69e463b9f04d9d2d98da1bdda1.cab";"1F341991C461321CC377BB051F6EA4E17D291B80CD550785B5215B1944C1104C";"SHA256"
"\Installers\7a2e0aedd6d5e2ffeb7baa69b520ea7e.cab";"A35A81D131F48F38EDEEAF33D7AF75D0D8B88E0BF6AE580D8030223C7EBCDCDF";"SHA256"
"\Installers\7a8eaeba46cc44d02a9a46fcbb641a12.cab";"3A52842D7536E0B359862564EE4A2DF15D8FBC2AEACB01535F56240166533B15";"SHA256"
"\Installers\7e6e508fe7702607bff0b24b764e4990.cab";"46385002A509BC8D1CF2F056FD72A650512602A00D11E8C905F1D93E16819794";"SHA256"
"\Installers\7fb574fb77dd24c63967f2eaca903080.cab";"0812FFF3AFEAAF6E33D1893B66F50A0987ADAB300556C7C158AF1B7A5658516B";"SHA256"
"\Installers\82ffd11e6716eed0941e144dd5491893.cab";"AE977CE82631945B91FE128F0A9644255509E689A70DC4EF0D74299C909364F4";"SHA256"
"\Installers\831d004a8f355684ab94810176e8d4ec.cab";"61F2C9EC8AD5D2A960E425C88685DA18C6E18AC0DDEA6810D1278901A9EB15C2";"SHA256"
"\Installers\83bd1072721871ea0bdc4fab780d9382.cab";"F5FC98B0775FC323882C7FC903D893A5404D1E87B4739F0AEC446E2FFAFD2F1B";"SHA256"
"\Installers\84cf100ee76440117226cfb9af196ba3.cab";"878A0892494C3B58AC5F8733EB1679B13EA82A0AE8FCF1AE5F44C90099FF3D75";"SHA256"
"\Installers\8540fa7f7b5cfd122e540053bd5240a8.cab";"C9CCF79B1E32DD46495AD8909CB4D184BF3D78C2793F1DFFC1E2783C1ABAF998";"SHA256"
"\Installers\8624feeaa6661d6216b5f27da0e30f65.cab";"1EFD0879AF1D16560DAF425EFB5C6889AF78D48A89D223AAC5B5722E2B339CCA";"SHA256"
"\Installers\870d7f92116bc55f7f72e7a9f5d5d6e1.cab";"9D3CD8E00B62A1DCE01DFD259EEA6472D5B706C16EFEB936BDD9E76BDBB4BEC6";"SHA256"
"\Installers\8774e9e67bb2b9439999d036462e313b.cab";"3902E57578E40C57AC8E6C77247491C193CF420FF1C1F5D76C1C84CDE51B0A96";"SHA256"
"\Installers\882ed373fa700cc85d5dafe78832698e.cab";"8F00EBE3F686821BF96DDE3A42E765A36EA4E021147C09921A26B2B94186F6C4";"SHA256"
"\Installers\886bc4b159ab474599ddf295528247b9.cab";"E41550F88AACB177A95C32ECBE674838DF441F26DF6A33315F18FB4AD57FA4BE";"SHA256"
"\Installers\8adae046d03a4d9b36093ab14d781cbe.cab";"749662D011E024D8D785ED3BFC3D637640886C8B0D696A8E3F97864F69171B50";"SHA256"
"\Installers\8ae6e3f2b02bc9aa4d16ce91ff65faf9.cab";"E1CFF9406C94999233F6BEEBD9A382B1733B19750192F022917FCAC02456D683";"SHA256"
"\Installers\8c9919a5e8638dd2b352b0a218939370.cab";"F69F93C73988F2F10D9A378DC792EC63835C31751158E343BD2EC0686F5443E9";"SHA256"
"\Installers\8d25d56b34194978403f6bba33f419c5.cab";"4677B10C732A90552076CB76C73D8D1D0A9CFB23170D5788A28C0A9A38D68D6F";"SHA256"
"\Installers\8d9784f003a72e4680f33c347cff75d9.cab";"E5487F2A3A613D7F8A8A03A8BFE565BBC2F762F2C75B7DBC4BE2CC959CB04BB2";"SHA256"
"\Installers\8f4c6e58ca3bc21c0a251ad62f891d69.cab";"D7E97DAD00ACCCDEBEFCC769C54D8A9687CD00029F025DA94E9866EE20A728C0";"SHA256"
"\Installers\901b3fca4c41dbd30c3aa1d2b30c6d71.cab";"313AC09C234A64B34EF12FBF1C29523F701E0CC613B713592115C7BD253FDAB7";"SHA256"
"\Installers\9050f238beb90c3f2db4a387654fec4b.cab";"46918F304C5E590347DEF84655B27D3328C76D0CAD0B392BA936B1161E644355";"SHA256"
"\Installers\915b9b8c059d8741e901a89f5e1ddc2c.cab";"8ECA923EC878A443B3CAA3065C9798EA0BFB7B7095F75D9EA2A958FA9EE9026A";"SHA256"
"\Installers\91cbace0d1779de011c85509644dd1f8.cab";"6F0448D53E2E89300291CFEC6BF027FF8D5DD69B659BE1B4FC55120145CB1572";"SHA256"
"\Installers\93b31c4dee564de581e7a00f1378aeae.cab";"C1E68AEE64292AB8398E17FD57313C6BA8F9D5AB3E79EEC30419DFA4CE1E27D8";"SHA256"
"\Installers\941dd5f1c32c7cec49703f0dfde8eba5.cab";"2094606AC34A3393258CFB7FB40027257B5BBF0397DA745A9649B6A3A70E8945";"SHA256"
"\Installers\97b6e3671e2e5d03ea25df25a8056e70.cab";"4464EAD289394CADF04AC5E1BD46020C4E80C4EF2341D711DCB466BB9B22C9D5";"SHA256"
"\Installers\997e08fa1159d8ef11e6f9e684a964f0.cab";"511173290548253D1B87C9E2658CDB52C89D11F5FF14F843259824266D56BDEF";"SHA256"
"\Installers\9adccd836bc489e252549a89a4fa8cc3.cab";"9BC7926CACCB20ED98CD50F5E7A7DC6027330D8860C46FC91530691176A251FE";"SHA256"
"\Installers\9cb1b7440ff064c5d721e312232251d4.cab";"26EEE46F6D115A1CB79DFD9FE0A134930CBE082D647DA6C8874295B7F767A368";"SHA256"
"\Installers\9d2b092478d6cca70d5ac957368c00ba.cab";"D7A00F2E34A58710234C8F98301FA9763362D324B5D89B9AA30A4DF36CAF187E";"SHA256"
"\Installers\9ed16d95c5e6b06761cda7bdc29e71fe.cab";"9886BBDD3E063ACFF9383A9F52321531EAF64AB003ACE9977AF3928EDD1BEEED";"SHA256"
"\Installers\9f0be655144a0c68c7f087465e1ad4f9.cab";"F53E0D8C3F6C8554B244A0CAC8E86BC480A61AE4E71F0C7E0FB2E4C2B75DA339";"SHA256"
"\Installers\9f8944e2cc69646284cd07010e7eee99.cab";"8E580F6CDE8B4B716E75C9C697D62845E4E8C4C780A1250CFF008AFE18B1D462";"SHA256"
"\Installers\a011a13d3157dae2dbdaa7090daa6acb.cab";"B40C2A9F87931FDBA064F81F9E7278B57146B5E0853CD3AD0CC6F5927A55222B";"SHA256"
"\Installers\a03686381bcfa98a14e9c579f7784def.cab";"0D28E2C433A015A5849BC1F59102B79F270E626F51C1EBEEA15FF42BAA919223";"SHA256"
"\Installers\a1d26d38d4197f7873a8da3a26fc351c.cab";"0A747631B2F6755C9625E512B5F5B9275205D5696477F543FCDEE375584C3C87";"SHA256"
"\Installers\a22d6a2483a921a887070cd800030e47.cab";"C84E97C59C851F90B1360FB9D63862F6756AF8B196E8AB54B23FF226C008E277";"SHA256"
"\Installers\a29a0c716f903f42aca181dca250f681.cab";"A95E9887B9C5F461A515F3FB53CBCB201CBBE4B00A50B7574D6755E4E214B9DC";"SHA256"
"\Installers\a30d7a714f70ca6aa1a76302010d7914.cab";"FECD7B2E51A097E026874BAE170A9BD0631808D697EA09A150FF17343B3AE02E";"SHA256"
"\Installers\a7eb3390a15bcd2c80a978c75f2dcc4f.cab";"EC47E0478A98EDCEE4ECBC7372F983A3B24C6DAA453DB7ED2E681E3EEDE8530A";"SHA256"
"\Installers\a9b2b3a68bb2defdce83b6d56890090b.cab";"18D00C7D35FAE083C37FC9FBFA21FA4308AD626ED51C05F1C09A8E14D709A442";"SHA256"
"\Installers\abbeaf25720d61b6b6339ada72bdd038.cab";"85FD539797A840F14441876B1DF1AC0638E34B90EBF0F35AD0479E9FFA1B6D25";"SHA256"
"\Installers\ae5e0f51b591d16bb9ebff997e2c5b67.cab";"A4832914BB9E1CD917F925531BB276A26C83B27354E0258B9663681B0780A31F";"SHA256"
"\Installers\Application Compatibility Toolkit-x64_en-us.msi";"44CC81A89414E2FEDFF283CD2F14BCA2B33DE208E95B771FD0296E4268E21A33";"SHA256"
"\Installers\Application Compatibility Toolkit-x86_en-us.msi";"A24D77256BFF45F543BFC4CAF03217C4ADB5B02DD4DCBAD1A9E2583F5C58A0AB";"SHA256"
"\Installers\Appman Auto Sequencer-x86_en-us.msi";"EDDE936246616D068D88F95FB2FEB6112FDAA0AC5716DC7C48E8616152FE8A09";"SHA256"
"\Installers\Appman Sequencer on amd64-x64_en-us.msi";"575BBDA6B32E4DD5F01CE643C408FB27C47545A474606F70EE86644FD84DE455";"SHA256"
"\Installers\Appman Sequencer on x86-x86_en-us.msi";"7A1917D0F296D610B0C11EDC7B22AA22F1B1072537080E3B4C1EE0D86CF20DEE";"SHA256"
"\Installers\Assessments on Client (DesktopEditions)-x86_en-us.msi";"C8FFE5F1C8349005E906069C2194911F78F9B45892885010FA0D7D6A84C67265";"SHA256"
"\Installers\Assessments on Client (OnecoreUAP)-x86_en-us.msi";"2AF1C4D909B78869D78818272E17D6E76B4088A3DCF44395CD5FF12DCCD5B3B8";"SHA256"
"\Installers\b1b61a66720e6e45853f71c13c134227.cab";"83F53763376EDED7BF988854590A381B955ADF69D367615F3C763138EBB63B10";"SHA256"
"\Installers\b205ceed2c8411c13fe9e2e853bd37fc.cab";"12A28AC25CABDA00570E618109E69E343BB373E2C25CC8517B6BECA27A9653AD";"SHA256"
"\Installers\b23352a27f081898f997944c1a0f44de.cab";"FA70B817919CC55D48B2D04C77B40814DA3C378FF5BBE4C7C24B91EEB045FCB6";"SHA256"
"\Installers\b23c58d02dd618582bcf79a7d99a4df0.cab";"652AEB38BB379C52210F264B90DE9F864106FD43EEFC8C9CA629BB833C800FFD";"SHA256"
"\Installers\b2bff1e6050294112e13849b614acf35.cab";"D29C55EADF4C74B2935E7729A5536DBB5A9FF4AB3759211ABAC8D1C4BF963CAE";"SHA256"
"\Installers\b3892d561b571a5b8c81d33fbe2d6d24.cab";"F10927E9C5418F71142DDFF3CC760822FD08EF0395E006EE6719F0D21B24A7DA";"SHA256"
"\Installers\b38cadba7626a82b25c9defa9877a3be.cab";"D31918DED2AF98CDB83638ECDFA3BE99A26E009127EF9597673A14F375A2C88C";"SHA256"
"\Installers\b4687bc42d465256ad1a68aec6886f83.cab";"A9ABDA7D1A16C11D746BB8C642B1E1093C0C30F28517958416B54C59F77E6A5A";"SHA256"
"\Installers\b4de70007c8f230d8f499c28a55652bc.cab";"5B1283D2A9140503C24FE2062B6C44E9FDEAC3E4C229A712B9F2D726A5B6D5CD";"SHA256"
"\Installers\b50ca418bcca75b45d1b7a32be8ba97b.cab";"ED0F9E92899384627EFF95E86F511A47DC020E1CBAA842DF43FE81C152C92C11";"SHA256"
"\Installers\b50e39502c26b1b66b9636983ed044c5.cab";"2218FE94E51E26E654A6A5761AA683E2D6BAFEABAB6E4B8B55698963F97886EA";"SHA256"
"\Installers\b5e97e57b324181559318a9a2fa2fe80.cab";"E3952C92332A643845BD7E238E8AF54DAC17742B86A6EAB44FDBB9C9EFABB1BF";"SHA256"
"\Installers\b6758178d78e2a03e1d692660ec642bd.cab";"E5E7EF24AB7A930EF5EA443C5AD4128BE2DF4ADFF40C0BE12048C7FC752951D6";"SHA256"
"\Installers\b72834f8f22e89676f88009479e1d2de.cab";"6A12D7ADA9A9B563FFDAB75511D7B7FE2708017C5B09A3464BAB43B6AFB90A6A";"SHA256"
"\Installers\b80e088c414c41ff73ed611b3c18874f.cab";"77425B67B5264FB37FEEFA23531F37DED2FCDE68E6DC148F25981D8EAE9CDF8C";"SHA256"
"\Installers\bba98c61346d05faea37846d4ef28162.cab";"6DB342E503A69434E2D9E1484CE22B26D749BD354BE343CC246075535B64E199";"SHA256"
"\Installers\bbf55224a0290f00676ddc410f004498.cab";"B3A962294293AB9D11A6B726CA7B557A33FAF0888DEF529DA3E67ADB4C4F487E";"SHA256"
"\Installers\BCD and Boot-x86_en-us.msi";"DCADD80669761BF4122E41E47CBFE87821E1FFC66572D44F8DADA6D80E184F2B";"SHA256"
"\Installers\bd00e61b3056a8aa44b48303f6fa1e62.cab";"3C82CCDF132CA4A0D69A57914CAB75A6A552EDECB553298A37E6733C5332269D";"SHA256"
"\Installers\be7ebc1ac434ead4ab1cf36e3921b70e.cab";"31A85EF48B546FF079C6891C80BFDDF6CB9F48C54A84531F53D76A91421F8E9D";"SHA256"
"\Installers\bf20c035f3d1577ab64bdacea9eb011c.cab";"0D5B0E4F4B97E2E7EA6C93209692ABFFB140AD64F6E924358A740B161D2D1484";"SHA256"
"\Installers\bf7b6300431984daf850cc213043c7eb.cab";"815B516AB1ADBD043B72467616C2F47AB2023AADD5D609880FAF1E4957E9197D";"SHA256"
"\Installers\c22f40e58472cada1be3a64d8c202c81.cab";"DA3CC32FC57A163CBFBB41721B2492E75A285379176BA542629CF6705E4AC501";"SHA256"
"\Installers\c300c91a497ea70c80a6d0efc9454c35.cab";"22E58D11E2EC9569FE5C8A3DA9F89C383D70BEA963A434833ABDD3DD93559F18";"SHA256"
"\Installers\c467051cd4d4b8b82d99724c5e1a3a5d.cab";"389E437EE71356B864A8C97041A1CCF9C9C600FE69AC48702E91AA12DC56268E";"SHA256"
"\Installers\c4fd9879f49981ebbf6ad1528766413a.cab";"3891A149861CA12D6CA8C9FB30CBB1D3E5FDF5389EE5A14E92A300DF2A0BE432";"SHA256"
"\Installers\c7d6e564ab2de1a5e09434725946ea67.cab";"A245A732C510B69F5B683D706E9BBB88368861B190FC6C8AC756DA3817D729C2";"SHA256"
"\Installers\c8a93bbadb2672b45a977d95723a6756.cab";"780012EB6B3E09CAE17C3539256A5E2B36CA2EE9462218F292B6161BF850A731";"SHA256"
"\Installers\c98a0a5b63e591b7568b5f66d64dc335.cab";"132EBD1FA22FF4540F7F5BFD8EC38138C6BE4CF017A46532ED6F1F4A8ABD5028";"SHA256"
"\Installers\c98f90e94c988845dcc6c939ab54cf24.cab";"16A3B6E18FF524F8D4EEA83CAB8934F851F2E7CAE2CF557A299E1118CA116FE4";"SHA256"
"\Installers\c997e16c91853657131a2f6958af3cf7.cab";"60BE4448B9D64325A5E75644745BDCDEF5CADD10046741A2911071CD75CA6E96";"SHA256"
"\Installers\ca2a0dd24769ecef3f6889a1eb7ecb74.cab";"1343B9491FED089C132F7A163F8DF2FC1DB9285D70044E8A6EEE375B6E7FF818";"SHA256"
"\Installers\cb43cb685388b3f1f60b2301633c1fa6.cab";"714C8134ACF9B76F54755F71D02160DBED18B8D1748FAC90D4B0AE79BB1562C2";"SHA256"
"\Installers\cc14030de775eaeb8dbde9c6be04be40.cab";"D0E336565407E4B922D46D9A8703311B7570E69DFA01CFE92C872CAA0D45DD60";"SHA256"
"\Installers\cd23bfdfd9e3dfa8475bf59c2c5d6901.cab";"E966295BC7CE612ED2F264A1D90BD1B51130D35339D3B1213956E927DA075963";"SHA256"
"\Installers\cd4fecfb8f7f082db3cec8b7c5455e9b.cab";"9CE5BF54620827D8F8267C4B3C66EDBFC7C20A7EE940B113E8E9F5AC17192D1F";"SHA256"
"\Installers\ce699cafe1192161c5e6a00c4b16c535.cab";"B1F78F1EF2196F8D73800476E4F374F4165EEC100EA6720D86A29606B0D5C22B";"SHA256"
"\Installers\cee2f676661a3a238eedf6153d46cb1e.cab";"D3522B4C82E0E31BD6F665696651042EA9EAE87122622951570902A654FF88D4";"SHA256"
"\Installers\cfb8342932e6752026b63046a8d93845.cab";"9840BD53D8A2CDAE5F8A7944792B7D2E7E5B5C13C69466346EF87E39F286F18C";"SHA256"
"\Installers\cfd1e9bfbfa2edfd547c63b8d86630ff.cab";"E342E65BB1A82BF2DED176440A178CF2740F0E3A521E28FEFEAC7FA89242B91A";"SHA256"
"\Installers\d2611745022d67cf9a7703eb131ca487.cab";"96A69AAD0CAF7220E8B58C52190F32B70E1366BA58A6D9A46B6A7177783F0C3F";"SHA256"
"\Installers\d2854d845dccc9ef888738dacbd8f707.cab";"E911C4F7A974967C182D39F5AC0838DFB7A4DAF017A971E844552C7B5DECFEAD";"SHA256"
"\Installers\d344672ad340db2b98b706ff06350843.cab";"71A5A0FBB47EB6B728B9707133ABF72E16A959A64C4D6CC594FED62262D2D6BC";"SHA256"
"\Installers\d3cf4d885932e92fada0675dc52d6752.cab";"CF71D68EF0A37E194A73857FF7B6FA72CBA857C6ABC7DD4C151C679274D20EA0";"SHA256"
"\Installers\d414ffca2d8d7eca753f5571a05d9943.cab";"031DC3B14FCDB5E24EFB9BC7FB1D0CC9822E7C6C721D54AE3B15E7ABC5B5672D";"SHA256"
"\Installers\d442964630599664dc64f6693d98f527.cab";"AFA6E6DC5E47CDFF73091DFA42B6DE95679A69133FC971987193BB4A2FAFDDAA";"SHA256"
"\Installers\d519967dbb262c80060d9efb5079aa23.cab";"4E690254947E507C3B1B80BC45D866E3B87B7B4CC967912579307C5B536FA1F5";"SHA256"
"\Installers\d562ae79e25b943d03fc6aa7a65f9b81.cab";"2E929C3B9EA1749A61AAAE48DF49DC98C00974A9AD5C9940DDFC1319AF53E191";"SHA256"
"\Installers\d63b8dffc336f21acdc0f97850bb5963.cab";"929BBA6F4F3F017F9F1190BA486B1498DEB325DCF3820547D13DC5ECCBD88AAC";"SHA256"
"\Installers\d7268c5f6d37bf0eab1c45f544b26f38.cab";"74EB1EC9F90D16213EB302A62AB218E7C9550CC9AEC21ED22428708D6F20597D";"SHA256"
"\Installers\d727e5c6c8037b1f6c628fa2227d0bd6.cab";"A98F32CC111B689485FF3B47638C82B58FD8BB02B03DD511A7C16617491832F6";"SHA256"
"\Installers\dd0ca1bac89d99ecd29f764f8ba00ceb.cab";"EE7A569C95A528D4C733E4C9D363107DB1C0C00461193604206929FCFA7E4F65";"SHA256"
"\Installers\dd6d04846f4eb5095edef870d4ae408e.cab";"783808B0D1DFE1B39C323D2235A970C028CC6072F94626B82EC4FB767D6E50A6";"SHA256"
"\Installers\df291961d41139beb23e8dcf2311f28c.cab";"0E7815CC7B7A4708F53C379A27A449E5A8923FD544896F8C88490ADBB7D02B6D";"SHA256"
"\Installers\dfbb743df86debc6e33cdd2000cafeb8.cab";"040BD17F02C86631BF23249B3D73333E31E23C8B86285F9AE64FB612337BD99B";"SHA256"
"\Installers\dotNetFx45_Full_x86_x64.exe";"A04D40E217B97326D46117D961EC4EDA455E087B90637CB33DD6CC4A2C228D83";"SHA256"
"\Installers\e2616196812aa14bec761a56d6567ac9.cab";"BB5D6ABAE6218C199A0C68C9B4B60ACFBA199E3F8008D884F81100526D5DE6E0";"SHA256"
"\Installers\e39af06f3e2cea568cf3e47dc590d9de.cab";"7B2309149FC75635AD21D43973EB0B4DE91AEABB09D2613B67047A9C3CD0A0BC";"SHA256"
"\Installers\e4dc2b54abac1a0455a410f7cf84d419.cab";"EC93D9639D0F87EBA5CE0B33A78FA73984508641D62936E31551E748CE27AEA4";"SHA256"
"\Installers\e5f4f4dc519b35948be4500a7dfeab14.cab";"701FF6ADF9C71D71B376BA8652B2CD0460C4577CDD30C810ABD36622CA161166";"SHA256"
"\Installers\e6349cc7301cf9d9a6a3a673b6b7c10f.cab";"ADC0DAD9DAC6DA53E1DCEC3C5525E0B223A3FF7EF7EB2629FB25B0ADBC4C296D";"SHA256"
"\Installers\e739764d2d7f0babe3f10beef7348fa3.cab";"5F74BBDFADA1E9617DF722471595D02E4E40E52BD163E0AA6D2F60200D5F1D28";"SHA256"
"\Installers\e7455452ef22c741911f241c6778b85d.cab";"B4DF3A4FD5AAB7322C0CB46F745EC9CF1B037861A958081FB721B5352C45AAAA";"SHA256"
"\Installers\e7f61a72b469092c67b45ae4c5e59c38.cab";"BC73184665791D925EB13959830F3A614B0214138BEF1EE187983A6B09C947D8";"SHA256"
"\Installers\e8171d0204e37ce7144ae09197584c79.cab";"AD01C2D48EA4F23EC555FE0897F1D6E1D6FDF73C9F29927699CE7CFD956C34F9";"SHA256"
"\Installers\ea9c0c38594fd7df374ddfc620f4a1fd.cab";"B3ED17AD090ECFA699E0F0531066F94B50290EB60DBDCDB54EF17D112EA8C59B";"SHA256"
"\Installers\eacac0698d5fa03569c86b25f90113b5.cab";"99B8538A479C5E6126EE4CC2C31ACC488B4C058536485B3310E3C7DCC64A2BC3";"SHA256"
"\Installers\ec093852a41cbd9d167b714e4f4a2648.cab";"B25451541C571406A4D45CF55E8BED6FCA453BECA1193147E17265DF3A1A27B1";"SHA256"
"\Installers\ecd697268bfe9f05c2e8ca0167f8d3fc.cab";"829931CCCEE664DA59E6561864762EAE40021589473203DF01E979F623CB6C94";"SHA256"
"\Installers\ed711e0a0102f1716cc073671804eb4c.cab";"71913EB52D413AB4F0088B5831E550848AC076B48A6B3676584FD31BE6FB4702";"SHA256"
"\Installers\ee415288dc17f6f29b3dda43d57e4281.cab";"181B3025A37D547FC7828372611497A23851F5E183CD88EB773B304FD7345C33";"SHA256"
"\Installers\f051f100a86ad4c94057a1d5280d9283.cab";"8418060922F75EB7ED496A0B351EBBC03F8C67C3CD40CC122FF958A223A09306";"SHA256"
"\Installers\f2a850bce4500b85f37a8aaa71cbb674.cab";"414123D67D71C324B00CAA45516E73A3A2A7637A732A420F2D2CEA0F0F898405";"SHA256"
"\Installers\f480ed0b7d2f1676b4c1d5fc82dd7420.cab";"2D72540777556FBE0871F96407A51D55EEFC69A685F91B72A20AA5F48144CFFB";"SHA256"
"\Installers\f4e72c453e36ce0795c8c9fcaae2b190.cab";"EF42C65C5561E952E597203C9AB0798284A7A1690A0AE3AAE93600A673BD882B";"SHA256"
"\Installers\f7699e5a82dcf6476e5ed2d8a3507ace.cab";"FDE0D075BA4277D1580EAFF585E9E1D408CEF3A234342FDB985030238CE03EDB";"SHA256"
"\Installers\f8fbdbe04c62ee33938f2613b0b16317.cab";"8CD9028FE6C3C970377FBF04F1342CF2EFE8457FEE3DBB6EC0F1E0BDB7ABD78E";"SHA256"
"\Installers\fa7c072a4c8f9cf0f901146213ebbce7.cab";"AF4DC5B95CEBF609B2B208F1725FE88B2C080E33D55ABA00BAD8933DB2819985";"SHA256"
"\Installers\fb4caf9acea1e5ab8349e1f22377438c.cab";"A742CDC62E1F50E4E0FB7459C7F8143318AEEFC62726A06F9F4661430F41C3CD";"SHA256"
"\Installers\fbf606008559f00f1d8c4cc19888d744.cab";"52F97F09045DBEFF7F33A5725600346006A59EC825D672F99439078B4B90674E";"SHA256"
"\Installers\fcc051e0d61320c78cac9fe4ad56a2a2.cab";"3E67399E63B586DC910AE3FC86B817B62FBC42606BEC3BD3C4983E354C64769D";"SHA256"
"\Installers\fdfb8cfc2e4d170431fb6b8c67210672.cab";"F121A54044F8D6C0088DEDE9140F67589952A327090385FEFFAC9D1745C991AB";"SHA256"
"\Installers\fe43ba83b8d1e88cc4f4bfeac0850c6c.cab";"F71E3F871BAD7B9EA82BE49CD658FA7AA9FF8278737539C8B6C02BF57F0C581E";"SHA256"
"\Installers\feadf48e9bf92b4650615d9195774178.cab";"CFC3115030DBE60AA76819F527B68D4D0F8B66F6C2BB8E11E2E9A82DDB53E744";"SHA256"
"\Installers\ff859f84bde46bac68ec6719c3b9c271.cab";"72F05AD1E4FDA22F1291174160FE945DD3B33230BE7B2AFF4891F7F225554C38";"SHA256"
"\Installers\Imaging And Configuration Designer (DesktopEditions)-x86_en-us.msi";"ADB6C0454B863B04001A6E009863629655285E02BB9F37E3D9E4310C74F9F779";"SHA256"
"\Installers\Imaging And Configuration Designer (OnecoreUAP)-x86_en-us.msi";"292F6C3822CE4496765E46BAFA7ED6CC0FC25FFEC97FA33BCA831969FEFD0C98";"SHA256"
"\Installers\Imaging Designer (DesktopEditions)-x86_en-us.msi";"8881546B8B46C36514E86AAA88EBF58EAEAEA7E5BB843CC9EE537A846ABAB561";"SHA256"
"\Installers\Imaging Designer (OnecoreUAP)-x86_en-us.msi";"F734E55A34E6AA2B7DC3FCB19813A14383DAAD381B49661C59144A1D4969D19D";"SHA256"
"\Installers\Imaging Tools Support (DesktopEditions)-x86_en-us.msi";"E9E56611A9B33571E0F44000503B25CFBA7E45877187B5ED407E29080F7326AE";"SHA256"
"\Installers\Imaging Tools Support (OnecoreUAP)-x86_en-us.msi";"72F49B59257E12B1211CA83278A25C32533F7947C38686D2157EB0D1F6B42FA7";"SHA256"
"\Installers\InstallRegHiveRecoveryDriverAmd64.exe";"22B7D7FBF2EEB0046BEFB28F10BFEA2907EF3947C8CDAFCFF680EC8CE70D962F";"SHA256"
"\Installers\InstallRegHiveRecoveryDriverX86.exe";"F7002BF17AA6CFB9A3462FF35BF16ABE5848B22616FA804CEE3BD35FEA50C56F";"SHA256"
"\Installers\Kits Configuration Installer-x86_en-us.msi";"AB0C0F59323D918A3D0117CAC3C2B5D500E6AB6F4953C6F564DB173EB10AC372";"SHA256"
"\Installers\Modern Standby Cycle Utility (DesktopEditions)-x86_en-us.msi";"5E4AED872727E996C82157316238376C2F2882610B298C39D9E6A9BE6056F2E0";"SHA256"
"\Installers\Modern Standby Cycle Utility (OnecoreUAP)-x86_en-us.msi";"775399C0C6A09B7143134614E5CA54B4BCA8912B90FA89C08B099B4843A79CC3";"SHA256"
"\Installers\MXAx64 (DesktopEditions)-x86_en-us.msi";"6ACA43BE6867035A807BF7FF240026E2155AD6CCA7227B87CE275837EF58CFE2";"SHA256"
"\Installers\MXAx64 (OnecoreUAP)-x86_en-us.msi";"A1679946D55742655BB3170075F755747CACF13593D62C5E280816460B644250";"SHA256"
"\Installers\MXAx86 (DesktopEditions)-x86_en-us.msi";"4315074581C2902AA87651FDA5C5246135586C5CC36D09776AC48D268B5C1CF8";"SHA256"
"\Installers\MXAx86 (OnecoreUAP)-x86_en-us.msi";"7BDDBB3F479C1433CEA132CF4DA145164E9DB519B71696297F6D8965146FF403";"SHA256"
"\Installers\OA3Tool-x86_en-us.msi";"FE1BA5241861FB0D5AF226F39BBBBA300ED3A5FDE486A62DA9BF8601C4B9AE23";"SHA256"
"\Installers\OACheck-x86_en-us.msi";"A2C6877347F80A5A6ECC1E24A51BA14D994AC8CAB8B4540A7F9E369964B57A36";"SHA256"
"\Installers\OATool-x86_en-us.msi";"9758712458243C7B3DE3F81B4CBDCEB520CD983A81D327FB8111FB64D8AF72B8";"SHA256"
"\Installers\OEM Test Certificates (OnecoreUAP)-x86_en-us.msi";"3EE63C897E5719C32E5CDE52753895CE361D3B990296019FE35CC66DC4B9A519";"SHA256"
"\Installers\Oscdimg (DesktopEditions)-x86_en-us.msi";"FA2AE3643D952FD733214328A51C48CB593E2B82E985537C068C04D2C6380756";"SHA256"
"\Installers\Oscdimg (OnecoreUAP)-x86_en-us.msi";"4603A2113A623A3F7BA199B5CC05D01F99BCCEF24964C7A52CC3B70B43CD4201";"SHA256"
"\Installers\Toolkit Documentation-x86_en-us.msi";"E24D1DBE48C1E5E4E32EC06A907D5C457E7223F4E3DE06909FA53A0889B13D21";"SHA256"
"\Installers\UEV Tools on amd64-x64_en-us.msi";"38D7C577C9FCF30AE673E48A0E314CFD4248259E9B67BD13D07F5A16665BD5EC";"SHA256"
"\Installers\UEV Tools on x86-x86_en-us.msi";"84AC5633BEAD999E49D5168E510B74907AE156F06943A12A176A24640B84C217";"SHA256"
"\Installers\User State Migration Tool (ClientCore)-x86_en-us.msi";"CAE22F815C6E5CB0BA853285A98743F912B6FFBB5728F155A3EDEEB9E62A039A";"SHA256"
"\Installers\User State Migration Tool (DesktopEditions)-x86_en-us.msi";"4CDFCE14D1A488ECFD9835BA2733700103DC43BCEC32F27F0C7ADA558CBAC25F";"SHA256"
"\Installers\User State Migration Tool (OnecoreUAP)-x86_en-us.msi";"66D9E7D7297A46BE8A8947E4A1700634222BA17D80223610E83ADC06C8D9FA2F";"SHA256"
"\Installers\Volume Activation Management Tool-x86_en-us.msi";"984E836E28A9E50155337C8157FD867D8A5B826C5A2D1B4272C275B3798B4E6A";"SHA256"
"\Installers\WimMountAdkSetupAmd64.exe";"F2EF226ECD96D9A9A732C1CDF59D3D0B241B3E8506196792CA377743E06161DB";"SHA256"
"\Installers\WimMountAdkSetupArm.exe";"65B269CBA8309B2A55DF735A859D69770B7A1CD8832CC2D5ABCCB05C6C99B965";"SHA256"
"\Installers\WimMountAdkSetupArm64.exe";"3BC926654A787A03E78ADEA9A391D2B13C794FBABEF180E14AC9E4D892669833";"SHA256"
"\Installers\WimMountAdkSetupX86.exe";"88679032484B448703C918E21EFAD9A1655F93F79896B4A8A2DA7CF3BBA4BEEE";"SHA256"
"\Installers\Windows Assessment Toolkit (AMD64 Architecture Specific)-x86_en-us.msi";"5769FF11A145052BBC027AC145AF9CDE77062B675BFD3675590A0F33BA874C2B";"SHA256"
"\Installers\Windows Assessment Toolkit (DesktopEditions)-x86_en-us.msi";"B29A1FCD9D149EAC202BA5BB8D82FBE368126A0FF010FBBAA36570C9CE0C1361";"SHA256"
"\Installers\Windows Assessment Toolkit (OnecoreUAP)-x86_en-us.msi";"AA02B3B8595EA9378E02DCDDAB0BB60EADEC70B0230588F616BFAEB9D50584FE";"SHA256"
"\Installers\Windows Assessment Toolkit (X86 Architecture Specific)-x86_en-us.msi";"BE9F3290FFF39930EBE422B578EEF0E7481FDE3CFA1EF583F1864AF53D31312C";"SHA256"
"\Installers\Windows Deployment Customizations-x86_en-us.msi";"CC1A8FFB438C3CF4A904B85981904E633D9045DD724188FAFDAB69A59E31A0BC";"SHA256"
"\Installers\Windows Deployment Image Servicing and Management - Headers and Libraries-x86_en-us.msi";"B490E395734BA45E8AD55F07BE3BB78EAE4F546E67CBFE41EC67FBDD9F391448";"SHA256"
"\Installers\Windows Deployment Image Servicing and Management Tools (DesktopEditions)-x86_en-us.msi";"79DCAAA1BD4275D8A062F45BCAE9EC7153D26BEC3BFE86E93B643A84240E1159";"SHA256"
"\Installers\Windows Deployment Image Servicing and Management Tools (OnecoreUAP)-x86_en-us.msi";"26A85232D28514AF0CD58B23972879BAC36F4E25D35D36C958925389182F2224";"SHA256"
"\Installers\Windows Deployment Tools Environment-x86_en-us.msi";"64824E98A1AB5880D86FC7996D915B027A354308D646C51A614069F4D165D162";"SHA256"
"\Installers\Windows Deployment Tools-x86_en-us.msi";"87C4684685114612254D0BE7A311C08C9EA7E68AC3D5798B386F1E59BD45C050";"SHA256"
"\Installers\Windows Setup Files (ClientCore)-x86_en-us.msi";"DD6A1D02C7A1A43691C7A3005A5842BEF33224D60272D80BCBD2F3C396A4D371";"SHA256"
"\Installers\Windows Setup Files (DesktopEditions)-x86_en-us.msi";"BE09104AEDDD8DA6ED3319EA3635D25CF595348F37DA180F91030D03A1B99712";"SHA256"
"\Installers\Windows Setup Files (Holographic)-x86_en-us.msi";"AE993173EC618AE5CDB924187DF6DC3E29311A5B92778765F21C8701436E54F4";"SHA256"
"\Installers\Windows Setup Files (OnecoreUAP)-x86_en-us.msi";"F5CC613FCCB195E406309D2948E2D8E9C4A23B4DD53544FD8A7A93B3609523F9";"SHA256"
"\Installers\Windows Setup Files (ShellCommon)-x86_en-us.msi";"0B2527C9FB086E46AA34514A6861FB6DAA95D0D6DCBA86B6968DAFDB8F8C5188";"SHA256"
"\Installers\Windows System Image Manager on amd64-x86_en-us.msi";"1CA40B58D85D30178248F7AB7DEFEA0FFCBB3F884F05BBA06BDCC1A1943558CE";"SHA256"
"\Installers\Windows System Image Manager on x86-x86_en-us.msi";"D6F70E33DBA81B07B33FBCF92465ADE4E31165EBEC70FCDC030EDED9C7E68165";"SHA256"
"\Installers\WPT Redistributables-x86_en-us.msi";"AFCFD5D21BF146AF5CBA2E7A038E075F90749CC123F10B92D3DDBF066C2FC0FC";"SHA256"
"\Installers\WPTarm (DesktopEditions)-arm_en-us.msi";"BD3D83E628A1431AF24DD98D0EED311B528541F4D7F628E03CC8CE4892FA6F50";"SHA256"
"\Installers\WPTarm (OnecoreUAP)-arm_en-us.msi";"FF61E8324422C72B6FF35D5632443C7F16EC1EB06CF4A845977CC4C97470756F";"SHA256"
"\Installers\WPTarm64 (DesktopEditions)-arm64_en-us.msi";"6365A575D62944AE017E563C5BF2A4D52F111109B67C1BF808A7107B8E674840";"SHA256"
"\Installers\WPTarm64 (OnecoreUAP)-arm64_en-us.msi";"6FF12A63ECF612EB30A05C82A20956D509FFFEBDFE99213B18F63470BF003822";"SHA256"
"\Installers\WPTx64 (DesktopEditions)-x64_en-us.msi";"881AB5A987B4EB6A9F5ED1CE726BD36767F1E7EC4B5E1EB31C15F00D6F9BC312";"SHA256"
"\Installers\WPTx64 (DesktopEditions)-x86_en-us.msi";"22DEE4D4F8F83E84BB9F88E2820930F160C2006F0162D298E583CC27C8967AB4";"SHA256"
"\Installers\WPTx64 (OnecoreUAP)-x64_en-us.msi";"7AAA97EF22FF3ED35A5E83433147AA23DAC6DBF793C3BB5BBEDFC2161DCDCD77";"SHA256"
"\Installers\WPTx64 (OnecoreUAP)-x86_en-us.msi";"F1AB599814AA775C6C4A7020CE2FC47038AC0D0658DDF1498663E9C90007B8FB";"SHA256"
"\Installers\WPTx86 (DesktopEditions)-x86_en-us.msi";"8EF57EA411ED7E934F46232CB4C0C69BA2D8D291BFC3BF8B5B40729FBF3BDE6B";"SHA256"
"\Installers\WPTx86 (OnecoreUAP)-x86_en-us.msi";"883D0208766A871628B8D904816C2F7C0A79F02E5CF162A954619C8682F5C4ED";"SHA256"
"adksetup.exe";"528BBA4C5EEDBB88E5AC5791206F2098175ABBC5D3571F64312C9FE88D1FB073";"SHA256"
